0.0,0.0,0.0,0.0,0.0,0.0
0.0,0.0,0.0,0.0,0.0,0.0
0.0,0.0,0.0,0.0,0.0,0.0
0.0,0.0,0.0,0.0,0.0,0.0
0.0,0.0,0.0,0.0,0.0,0.0
0.0,0.0,0.0,0.0,0.0,0.0
0.0,0.0,0.0,0.0,0.0,0.0
0.0,0.0,0.0,0.0,0.0,0.0
0.0,0.0,0.0,0.0,0.0,0.0
0.0,0.0,0.0,0.0,0.0,0.0
0.0,0.0,0.0,0.0,0.0,0.0
0.0,0.0,0.0,0.0,0.0,0.0
0.0,0.0,0.0,0.0,0.0,0.0
0.0,0.0,0.0,0.0,0.0,0.0
0.0,0.0,0.0,0.0,0.0,0.0
0.0,0.0,0.0,0.0,0.0,0.0
0.0,0.0,0.0,0.0,0.0,0.0
0.0,0.0,0.0,0.0,0.0,0.0
0.0,0.0,0.0,0.0,0.0,0.0
0.0,0.0,0.0,0.0,0.0,0.0
0.0,0.0,0.0,0.0,0.0,0.0
0.0,0.0,0.0,0.0,0.0,0.0
0.0,0.0,0.0,0.0,0.0,0.0
0.0,0.0,0.0,0.0,0.0,0.0
0.0,0.0,0.0,0.0,0.0,0.0
0.0,0.0,0.0,0.0,0.0,0.0
0.0,0.0,0.0,0.0,0.0,0.0
0.0,0.0,0.0,0.0,0.0,0.0
0.0,0.0,0.0,0.0,0.0,0.0
0.0,0.0,0.0,0.0,0.0,0.0
0.0,0.0,0.0,0.0,0.0,0.0
0.0,0.0,0.0,0.0,0.0,0.0
0.0,0.0,0.0,0.0,0.0,0.0
0.0,0.0,0.0,0.0,0.0,0.0
0.0,0.0,0.0,0.0,0.0,0.0
0.0,0.0,0.0,0.0,0.0,0.0
0.0,0.0,0.0,0.0,0.0,0.0
0.0,0.0,0.0,0.0,0.0,0.0
0.0,0.0,0.0,0.0,0.0,0.0
0.0,0.0,0.0,0.0,0.0,0.0
0.0,0.0,0.0,0.0,0.0,0.0
0.0,0.0,0.0,0.0,0.0,0.0
0.0,0.0,0.0,0.0,0.0,0.0
0.0,0.0,0.0,0.0,0.0,0.0
0.0,0.0,0.0,0.0,0.0,0.0
0.0,0.0,0.0,0.0,0.0,0.0
0.0,0.0,0.0,0.0,0.0,0.0
0.0,0.0,0.0,0.0,0.0,0.0
0.0,0.0,0.0,0.0,0.0,0.0
0.0,0.0,0.0,0.0,0.0,0.0
0.0,0.0,0.0,0.0,0.0,0.0
0.0,0.0,0.0,0.0,0.0,0.0
0.0,0.0,0.0,0.0,0.0,0.0
0.0,0.0,0.0,0.0,0.0,0.0
0.0,0.0,0.0,0.0,0.0,0.0
0.0,0.0,0.0,0.0,0.0,0.0
0.0,0.0,0.0,0.0,0.0,0.0
0.0,0.0,0.0,0.0,0.0,0.0
0.0,0.0,0.0,0.0,0.0,0.0
0.0,0.0,0.0,0.0,0.0,0.0
0.0,0.0,0.0,0.0,0.0,0.0
0.0,0.0,0.0,0.0,0.0,0.0
0.0,0.0,0.0,0.0,0.0,0.0
0.0,0.0,0.0,0.0,0.0,0.0
0.0,0.0,0.0,0.0,0.0,0.0
0.0,0.0,0.0,0.0,0.0,0.0
0.0,0.0,0.0,0.0,0.0,0.0
0.0,0.0,0.0,0.0,0.0,0.0
0.0,0.0,0.0,0.0,0.0,0.0
0.0,0.0,0.0,0.0,0.0,0.0
0.0,0.0,0.0,0.0,0.0,0.0
0.0,0.0,0.0,0.0,0.0,0.0
0.0,0.0,0.0,0.0,0.0,0.0
0.0,0.0,0.0,0.0,0.0,0.0
0.0,0.0,0.0,0.0,0.0,0.0
0.0,0.0,0.0,0.0,0.0,0.0
0.0,0.0,0.0,0.0,0.0,0.0
0.0,0.0,0.0,0.0,0.0,0.0
0.0,0.0,0.0,0.0,0.0,0.0
0.0,0.0,0.0,0.0,0.0,0.0
0.0,0.0,0.0,0.0,0.0,0.0
0.0,0.0,0.0,0.0,0.0,0.0
0.0,0.0,0.0,0.0,0.0,0.0
0.0,0.0,0.0,0.0,0.0,0.0
0.0,0.0,0.0,0.0,0.0,0.0
0.0,0.0,0.0,0.0,0.0,0.0
0.0,0.0,0.0,0.0,0.0,0.0
0.0,0.0,0.0,0.0,0.0,0.0
0.0,0.0,0.0,0.0,0.0,0.0
0.0,0.0,0.0,0.0,0.0,0.0
0.0,0.0,0.0,0.0,0.0,0.0
0.0,0.0,0.0,0.0,0.0,0.0
0.0,0.0,0.0,0.0,0.0,0.0
0.0,0.0,0.0,0.0,0.0,0.0
0.0,0.0,0.0,0.0,0.0,0.0
0.0,0.0,0.0,0.0,0.0,0.0
0.0,0.0,0.0,0.0,0.0,0.0
0.0,0.0,0.0,0.0,0.0,0.0
0.0,0.0,0.0,0.0,0.0,0.0
0.0,0.0,0.0,0.0,0.0,0.0
0.0,0.0,0.0,0.0,0.0,0.0
0.0,0.0,0.0,0.0,0.0,0.0
0.0,0.0,0.0,0.0,0.0,0.0
0.0,0.0,0.0,0.0,0.0,0.0
0.0,0.0,0.0,0.0,0.0,0.0
0.0,0.0,0.0,0.0,0.0,0.0
0.0,0.0,0.0,0.0,0.0,0.0
0.0,0.0,0.0,0.0,0.0,0.0
0.0,0.0,0.0,0.0,0.0,0.0
0.0,0.0,0.0,0.0,0.0,0.0
0.0,0.0,0.0,0.0,0.0,0.0
0.0,0.0,0.0,0.0,0.0,0.0
0.0,0.0,0.0,0.0,0.0,0.0
0.0,0.0,0.0,0.0,0.0,0.0
0.0,0.0,0.0,0.0,0.0,0.0
0.0,0.0,0.0,0.0,0.0,0.0
0.0,0.0,0.0,0.0,0.0,0.0
0.0,0.0,0.0,0.0,0.0,0.0
0.0,0.0,0.0,0.0,0.0,0.0
0.0,0.0,0.0,0.0,0.0,0.0
0.0,0.0,0.0,0.0,0.0,0.0
0.0,0.0,0.0,0.0,0.0,0.0
0.0,0.0,0.0,0.0,0.0,0.0
0.0,0.0,0.0,0.0,0.0,0.0
0.0,0.0,0.0,0.0,0.0,0.0
0.0,0.0,0.0,0.0,0.0,0.0
0.0,0.0,0.0,0.0,0.0,0.0
0.0,0.0,0.0,0.0,0.0,0.0
0.0,0.0,0.0,0.0,0.0,0.0
0.0,0.0,0.0,0.0,0.0,0.0
0.0,0.0,0.0,0.0,0.0,0.0
0.0,0.0,0.0,0.0,0.0,0.0
0.0,0.0,0.0,0.0,0.0,0.0
0.0,0.0,0.0,0.0,0.0,0.0
0.0,0.0,0.0,0.0,0.0,0.0
0.0,0.0,0.0,0.0,0.0,0.0
0.0,0.0,0.0,0.0,0.0,0.0
0.0,0.0,0.0,0.0,0.0,0.0
0.0,0.0,0.0,0.0,0.0,0.0
0.0,0.0,0.0,0.0,0.0,0.0
0.0,0.0,0.0,0.0,0.0,0.0
0.0,0.0,0.0,0.0,0.0,0.0
0.0,0.0,0.0,0.0,0.0,0.0
0.0,0.0,0.0,0.0,0.0,0.0
0.0,0.0,0.0,0.0,0.0,0.0
0.0,0.0,0.0,0.0,0.0,0.0
0.0,0.0,0.0,0.0,0.0,0.0
0.0,0.0,0.0,0.0,0.0,0.0
0.0,0.0,0.0,0.0,0.0,0.0
0.0,0.0,0.0,0.0,0.0,0.0
0.0,0.0,0.0,0.0,0.0,0.0
0.0,0.0,0.0,0.0,0.0,0.0
0.0,0.0,0.0,0.0,0.0,0.0
0.0,0.0,0.0,0.0,0.0,0.0
0.0,0.0,0.0,0.0,0.0,0.0
0.0,0.0,0.0,0.0,0.0,0.0
0.0,0.0,0.0,0.0,0.0,0.0
0.0,0.0,0.0,0.0,0.0,0.0
0.0,0.0,0.0,0.0,0.0,0.0
0.0,0.0,0.0,0.0,0.0,0.0
0.0,0.0,0.0,0.0,0.0,0.0
0.0,0.0,0.0,0.0,0.0,0.0
0.0,0.0,0.0,0.0,0.0,0.0
0.0,0.0,0.0,0.0,0.0,0.0
0.0,0.0,0.0,0.0,0.0,0.0
0.0,0.0,0.0,0.0,0.0,0.0
0.0,0.0,0.0,0.0,0.0,0.0
0.0,0.0,0.0,0.0,0.0,0.0
0.0,0.0,0.0,0.0,0.0,0.0
0.0,0.0,0.0,0.0,0.0,0.0
0.0,0.0,0.0,0.0,0.0,0.0
0.0,0.0,0.0,0.0,0.0,0.0
0.0,0.0,0.0,0.0,0.0,0.0
0.0,0.0,0.0,0.0,0.0,0.0
0.0,0.0,0.0,0.0,0.0,0.0
0.0,0.0,0.0,0.0,0.0,0.0
0.0,0.0,0.0,0.0,0.0,0.0
0.0,0.0,0.0,0.0,0.0,0.0
0.0,0.0,0.0,0.0,0.0,0.0
0.0,0.0,0.0,0.0,0.0,0.0
0.0,0.0,0.0,0.0,0.0,0.0
0.0,0.0,0.0,0.0,0.0,0.0
0.0,0.0,0.0,0.0,0.0,0.0
0.0,0.0,0.0,0.0,0.0,0.0
0.0,0.0,0.0,0.0,0.0,0.0
0.0,0.0,0.0,0.0,0.0,0.0
0.0,0.0,0.0,0.0,0.0,0.0
0.0,0.0,0.0,0.0,0.0,0.0
0.0,0.0,0.0,0.0,0.0,0.0
0.0,0.0,0.0,0.0,0.0,0.0
0.0,0.0,0.0,0.0,0.0,0.0
0.0,0.0,0.0,0.0,0.0,0.0
0.0,0.0,0.0,0.0,0.0,0.0
0.0,0.0,0.0,0.0,0.0,0.0
0.0,0.0,0.0,0.0,0.0,0.0
0.0,0.0,0.0,0.0,0.0,0.0
0.0,0.0,0.0,0.0,0.0,0.0
0.0,0.0,0.0,0.0,0.0,0.0
0.0,0.0,0.0,0.0,0.0,0.0
0.0,0.0,0.0,0.0,0.0,0.0
0.0,0.0,0.0,0.0,0.0,0.0
0.0,0.0,0.0,0.0,0.0,0.0
0.0,0.0,0.0,0.0,0.0,0.0
0.0,0.0,0.0,0.0,0.0,0.0
0.0,0.0,0.0,0.0,0.0,0.0
0.0,0.0,0.0,0.0,0.0,0.0
0.0,0.0,0.0,0.0,0.0,0.0
0.0,0.0,0.0,0.0,0.0,0.0
0.0,0.0,0.0,0.0,0.0,0.0
0.0,0.0,0.0,0.0,0.0,0.0
0.0,0.0,0.0,0.0,0.0,0.0
0.0,0.0,0.0,0.0,0.0,0.0
0.0,0.0,0.0,0.0,0.0,0.0
0.0,0.0,0.0,0.0,0.0,0.0
0.0,0.0,0.0,0.0,0.0,0.0
0.0,0.0,0.0,0.0,0.0,0.0
0.0,0.0,0.0,0.0,0.0,0.0
0.0,0.0,0.0,0.0,0.0,0.0
0.0,0.0,0.0,0.0,0.0,0.0
0.0,0.0,0.0,0.0,0.0,0.0
0.0,0.0,0.0,0.0,0.0,0.0
0.0,0.0,0.0,0.0,0.0,0.0
0.0,0.0,0.0,0.0,0.0,0.0
0.0,0.0,0.0,0.0,0.0,0.0
0.0,0.0,0.0,0.0,0.0,0.0
0.0,0.0,0.0,0.0,0.0,0.0
0.0,0.0,0.0,0.0,0.0,0.0
0.0,0.0,0.0,0.0,0.0,0.0
0.0,0.0,0.0,0.0,0.0,0.0
0.0,0.0,0.0,0.0,0.0,0.0
0.0,0.0,0.0,0.0,0.0,0.0
0.0,0.0,0.0,0.0,0.0,0.0
0.0,0.0,0.0,0.0,0.0,0.0
0.0,0.0,0.0,0.0,0.0,0.0
0.0,0.0,0.0,0.0,0.0,0.0
0.0,0.0,0.0,0.0,0.0,0.0
0.0,0.0,0.0,0.0,0.0,0.0
0.0,0.0,0.0,0.0,0.0,0.0
0.0,0.0,0.0,0.0,0.0,0.0
0.0,0.0,0.0,0.0,0.0,0.0
0.0,0.0,0.0,0.0,0.0,0.0
0.0,0.0,0.0,0.0,0.0,0.0
0.0,0.0,0.0,0.0,0.0,0.0
0.0,0.0,0.0,0.0,0.0,0.0
0.0,0.0,0.0,0.0,0.0,0.0
0.0,0.0,0.0,0.0,0.0,0.0
0.0,0.0,0.0,0.0,0.0,0.0
0.0,0.0,0.0,0.0,0.0,0.0
0.0,0.0,0.0,0.0,0.0,0.0
0.0,0.0,0.0,0.0,0.0,0.0
0.0,0.0,0.0,0.0,0.0,0.0
0.0,0.0,0.0,0.0,0.0,0.0
0.0,0.0,0.0,0.0,0.0,0.0
0.0,0.0,0.0,0.0,0.0,0.0
0.0,0.0,0.0,0.0,0.0,0.0
0.0,0.0,0.0,0.0,0.0,0.0
0.0,0.0,0.0,0.0,0.0,0.0
0.0,0.0,0.0,0.0,0.0,0.0
0.0,0.0,0.0,0.0,0.0,0.0
0.0,0.0,0.0,0.0,0.0,0.0
0.0,0.0,0.0,0.0,0.0,0.0
0.0,0.0,0.0,0.0,0.0,0.0
0.0,0.0,0.0,0.0,0.0,0.0
0.0,0.0,0.0,0.0,0.0,0.0
0.0,0.0,0.0,0.0,0.0,0.0
0.0,0.0,0.0,0.0,0.0,0.0
0.0,0.0,0.0,0.0,0.0,0.0
0.0,0.0,0.0,0.0,0.0,0.0
0.0,0.0,0.0,0.0,0.0,0.0
0.0,0.0,0.0,0.0,0.0,0.0
0.0,0.0,0.0,0.0,0.0,0.0
0.0,0.0,0.0,0.0,0.0,0.0
0.0,0.0,0.0,0.0,0.0,0.0
0.0,0.0,0.0,0.0,0.0,0.0
0.0,0.0,0.0,0.0,0.0,0.0
0.0,0.0,0.0,0.0,0.0,0.0
0.0,0.0,0.0,0.0,0.0,0.0
0.0,0.0,0.0,0.0,0.0,0.0
0.0,0.0,0.0,0.0,0.0,0.0
0.0,0.0,0.0,0.0,0.0,0.0
0.0,0.0,0.0,0.0,0.0,0.0
0.0,0.0,0.0,0.0,0.0,0.0
0.0,0.0,0.0,0.0,0.0,0.0
0.0,0.0,0.0,0.0,0.0,0.0
0.0,0.0,0.0,0.0,0.0,0.0
0.0,0.0,0.0,0.0,0.0,0.0
0.0,0.0,0.0,0.0,0.0,0.0
0.0,0.0,0.0,0.0,0.0,0.0
0.0,0.0,0.0,0.0,0.0,0.0
0.0,0.0,0.0,0.0,0.0,0.0
0.0,0.0,0.0,0.0,0.0,0.0
0.0,0.0,0.0,0.0,0.0,0.0
0.0,0.0,0.0,0.0,0.0,0.0
0.0,0.0,0.0,0.0,0.0,0.0
0.0,0.0,0.0,0.0,0.0,0.0
0.0,0.0,0.0,0.0,0.0,0.0
0.0,0.0,0.0,0.0,0.0,0.0
0.0,0.0,0.0,0.0,0.0,0.0
0.0,0.0,0.0,0.0,0.0,0.0
0.0,0.0,0.0,0.0,0.0,0.0
0.0,0.0,0.0,0.0,0.0,0.0
0.0,0.0,0.0,0.0,0.0,0.0
0.0,0.0,0.0,0.0,0.0,0.0
0.0,0.0,0.0,0.0,0.0,0.0
0.0,0.0,0.0,0.0,0.0,0.0
0.0,0.0,0.0,0.0,0.0,0.0
0.0,0.0,0.0,0.0,0.0,0.0
0.0,0.0,0.0,0.0,0.0,0.0
0.0,0.0,0.0,0.0,0.0,0.0
0.0,0.0,0.0,0.0,0.0,0.0
0.0,0.0,0.0,0.0,0.0,0.0
0.0,0.0,0.0,0.0,0.0,0.0
0.0,0.0,0.0,0.0,0.0,0.0
0.0,0.0,0.0,0.0,0.0,0.0
0.0,0.0,0.0,0.0,0.0,0.0
0.0,0.0,0.0,0.0,0.0,0.0
0.0,0.0,0.0,0.0,0.0,0.0
0.0,0.0,0.0,0.0,0.0,0.0
0.0,0.0,0.0,0.0,0.0,0.0
0.0,0.0,0.0,0.0,0.0,0.0
0.0,0.0,0.0,0.0,0.0,0.0
0.0,0.0,0.0,0.0,0.0,0.0
0.0,0.0,0.0,0.0,0.0,0.0
0.0,0.0,0.0,0.0,0.0,0.0
0.0,0.0,0.0,0.0,0.0,0.0
0.0,0.0,0.0,0.0,0.0,0.0
0.0,0.0,0.0,0.0,0.0,0.0
0.0,0.0,0.0,0.0,0.0,0.0
0.0,0.0,0.0,0.0,0.0,0.0
0.0,0.0,0.0,0.0,0.0,0.0
0.0,0.0,0.0,0.0,0.0,0.0
0.0,0.0,0.0,0.0,0.0,0.0
0.0,0.0,0.0,0.0,0.0,0.0
0.0,0.0,0.0,0.0,0.0,0.0
0.0,0.0,0.0,0.0,0.0,0.0
0.0,0.0,0.0,0.0,0.0,0.0
0.0,0.0,0.0,0.0,0.0,0.0
0.0,0.0,0.0,0.0,0.0,0.0
0.0,0.0,0.0,0.0,0.0,0.0
0.0,0.0,0.0,0.0,0.0,0.0
0.0,0.0,0.0,0.0,0.0,0.0
0.0,0.0,0.0,0.0,0.0,0.0
0.0,0.0,0.0,0.0,0.0,0.0
0.0,0.0,0.0,0.0,0.0,0.0
0.0,0.0,0.0,0.0,0.0,0.0
0.0,0.0,0.0,0.0,0.0,0.0
0.0,0.0,0.0,0.0,0.0,0.0
0.0,0.0,0.0,0.0,0.0,0.0
0.0,0.0,0.0,0.0,0.0,0.0
0.0,0.0,0.0,0.0,0.0,0.0
0.0,0.0,0.0,0.0,0.0,0.0
0.0,0.0,0.0,0.0,0.0,0.0
0.0,0.0,0.0,0.0,0.0,0.0
0.0,0.0,0.0,0.0,0.0,0.0
0.0,0.0,0.0,0.0,0.0,0.0
0.0,0.0,0.0,0.0,0.0,0.0
0.0,0.0,0.0,0.0,0.0,0.0
0.0,0.0,0.0,0.0,0.0,0.0
0.0,0.0,0.0,0.0,0.0,0.0
0.0,0.0,0.0,0.0,0.0,0.0
0.0,0.0,0.0,0.0,0.0,0.0
0.0,0.0,0.0,0.0,0.0,0.0
0.0,0.0,0.0,0.0,0.0,0.0
0.0,0.0,0.0,0.0,0.0,0.0
0.0,0.0,0.0,0.0,0.0,0.0
0.0,0.0,0.0,0.0,0.0,0.0
0.0,0.0,0.0,0.0,0.0,0.0
0.0,0.0,0.0,0.0,0.0,0.0
0.0,0.0,0.0,0.0,0.0,0.0
0.0,0.0,0.0,0.0,0.0,0.0
0.0,0.0,0.0,0.0,0.0,0.0
0.0,0.0,0.0,0.0,0.0,0.0
0.0,0.0,0.0,0.0,0.0,0.0
0.0,0.0,0.0,0.0,0.0,0.0
0.0,0.0,0.0,0.0,0.0,0.0
0.0,0.0,0.0,0.0,0.0,0.0
0.0,0.0,0.0,0.0,0.0,0.0
0.0,0.0,0.0,0.0,0.0,0.0
0.0,0.0,0.0,0.0,0.0,0.0
0.0,0.0,0.0,0.0,0.0,0.0
0.0,0.0,0.0,0.0,0.0,0.0
0.0,0.0,0.0,0.0,0.0,0.0
0.0,0.0,0.0,0.0,0.0,0.0
0.0,0.0,0.0,0.0,0.0,0.0
0.0,0.0,0.0,0.0,0.0,0.0
0.0,0.0,0.0,0.0,0.0,0.0
0.0,0.0,0.0,0.0,0.0,0.0
0.0,0.0,0.0,0.0,0.0,0.0
0.0,0.0,0.0,0.0,0.0,0.0
0.0,0.0,0.0,0.0,0.0,0.0
0.0,0.0,0.0,0.0,0.0,0.0
0.0,0.0,0.0,0.0,0.0,0.0
0.0,0.0,0.0,0.0,0.0,0.0
0.0,0.0,0.0,0.0,0.0,0.0
0.0,0.0,0.0,0.0,0.0,0.0
0.0,0.0,0.0,0.0,0.0,0.0
0.0,0.0,0.0,0.0,0.0,0.0
0.0,0.0,0.0,0.0,0.0,0.0
0.0,0.0,0.0,0.0,0.0,0.0
0.0,0.0,0.0,0.0,0.0,0.0
0.0,0.0,0.0,0.0,0.0,0.0
0.0,0.0,0.0,0.0,0.0,0.0
0.0,0.0,0.0,0.0,0.0,0.0
0.0,0.0,0.0,0.0,0.0,0.0
0.0,0.0,0.0,0.0,0.0,0.0
0.0,0.0,0.0,0.0,0.0,0.0
0.0,0.0,0.0,0.0,0.0,0.0
0.0,0.0,0.0,0.0,0.0,0.0
0.0,0.0,0.0,0.0,0.0,0.0
0.0,0.0,0.0,0.0,0.0,0.0
0.0,0.0,0.0,0.0,0.0,0.0
0.0,0.0,0.0,0.0,0.0,0.0
0.0,0.0,0.0,0.0,0.0,0.0
0.0,0.0,0.0,0.0,0.0,0.0
0.0,0.0,0.0,0.0,0.0,0.0
0.0,0.0,0.0,0.0,0.0,0.0
0.0,0.0,0.0,0.0,0.0,0.0
0.0,0.0,0.0,0.0,0.0,0.0
0.0,0.0,0.0,0.0,0.0,0.0
0.0,0.0,0.0,0.0,0.0,0.0
0.0,0.0,0.0,0.0,0.0,0.0
0.0,0.0,0.0,0.0,0.0,0.0
0.0,0.0,0.0,0.0,0.0,0.0
0.0,0.0,0.0,0.0,0.0,0.0
0.0,0.0,0.0,0.0,0.0,0.0
0.0,0.0,0.0,0.0,0.0,0.0
0.0,0.0,0.0,0.0,0.0,0.0
0.0,0.0,0.0,0.0,0.0,0.0
0.0,0.0,0.0,0.0,0.0,0.0
0.0,0.0,0.0,0.0,0.0,0.0
0.0,0.0,0.0,0.0,0.0,0.0
0.0,0.0,0.0,0.0,0.0,0.0
0.0,0.0,0.0,0.0,0.0,0.0
0.0,0.0,0.0,0.0,0.0,0.0
0.0,0.0,0.0,0.0,0.0,0.0
0.0,0.0,0.0,0.0,0.0,0.0
0.0,0.0,0.0,0.0,0.0,0.0
0.0,0.0,0.0,0.0,0.0,0.0
0.0,0.0,0.0,0.0,0.0,0.0
0.0,0.0,0.0,0.0,0.0,0.0
0.0,0.0,0.0,0.0,0.0,0.0
0.0,0.0,0.0,0.0,0.0,0.0
0.0,0.0,0.0,0.0,0.0,0.0
0.0,0.0,0.0,0.0,0.0,0.0
0.0,0.0,0.0,0.0,0.0,0.0
0.0,0.0,0.0,0.0,0.0,0.0
0.0,0.0,0.0,0.0,0.0,0.0
0.0,0.0,0.0,0.0,0.0,0.0
0.0,0.0,0.0,0.0,0.0,0.0
0.0,0.0,0.0,0.0,0.0,0.0
0.0,0.0,0.0,0.0,0.0,0.0
0.0,0.0,0.0,0.0,0.0,0.0
0.0,0.0,0.0,0.0,0.0,0.0
0.0,0.0,0.0,0.0,0.0,0.0
0.0,0.0,0.0,0.0,0.0,0.0
0.0,0.0,0.0,0.0,0.0,0.0
0.0,0.0,0.0,0.0,0.0,0.0
0.0,0.0,0.0,0.0,0.0,0.0
0.0,0.0,0.0,0.0,0.0,0.0
0.0,0.0,0.0,0.0,0.0,0.0
0.0,0.0,0.0,0.0,0.0,0.0
0.0,0.0,0.0,0.0,0.0,0.0
0.0,0.0,0.0,0.0,0.0,0.0
0.0,0.0,0.0,0.0,0.0,0.0
0.0,0.0,0.0,0.0,0.0,0.0
0.0,0.0,0.0,0.0,0.0,0.0
0.0,0.0,0.0,0.0,0.0,0.0
0.0,0.0,0.0,0.0,0.0,0.0
0.0,0.0,0.0,0.0,0.0,0.0
0.0,0.0,0.0,0.0,0.0,0.0
0.0,0.0,0.0,0.0,0.0,0.0
0.0,0.0,0.0,0.0,0.0,0.0
0.0,0.0,0.0,0.0,0.0,0.0
0.0,0.0,0.0,0.0,0.0,0.0
0.0,0.0,0.0,0.0,0.0,0.0
0.0,0.0,0.0,0.0,0.0,0.0
0.0,0.0,0.0,0.0,0.0,0.0
0.0,0.0,0.0,0.0,0.0,0.0
0.0,0.0,0.0,0.0,0.0,0.0
0.0,0.0,0.0,0.0,0.0,0.0
0.0,0.0,0.0,0.0,0.0,0.0
0.0,0.0,0.0,0.0,0.0,0.0
0.0,0.0,0.0,0.0,0.0,0.0
0.0,0.0,0.0,0.0,0.0,0.0
0.0,0.0,0.0,0.0,0.0,0.0
0.0,0.0,0.0,0.0,0.0,0.0
0.0,0.0,0.0,0.0,0.0,0.0
0.0,0.0,0.0,0.0,0.0,0.0
0.0,0.0,0.0,0.0,0.0,0.0
0.0,0.0,0.0,0.0,0.0,0.0
0.0,0.0,0.0,0.0,0.0,0.0
0.0,0.0,0.0,0.0,0.0,0.0
0.0,0.0,0.0,0.0,0.0,0.0
0.0,0.0,0.0,0.0,0.0,0.0
0.0,0.0,0.0,0.0,0.0,0.0
0.0,0.0,0.0,0.0,0.0,0.0
0.0,0.0,0.0,0.0,0.0,0.0
0.0,0.0,0.0,0.0,0.0,0.0
0.0,0.0,0.0,0.0,0.0,0.0
0.0,0.0,0.0,0.0,0.0,0.0
0.0,0.0,0.0,0.0,0.0,0.0
0.0,0.0,0.0,0.0,0.0,0.0
0.0,0.0,0.0,0.0,0.0,0.0
0.0,0.0,0.0,0.0,0.0,0.0
0.0,0.0,0.0,0.0,0.0,0.0
0.0,0.0,0.0,0.0,0.0,0.0
0.0,0.0,0.0,0.0,0.0,0.0
0.0,0.0,0.0,0.0,0.0,0.0
0.0,0.0,0.0,0.0,0.0,0.0
0.0,0.0,0.0,0.0,0.0,0.0
0.0,0.0,0.0,0.0,0.0,0.0
0.0,0.0,0.0,0.0,0.0,0.0
0.0,0.0,0.0,0.0,0.0,0.0
0.0,0.0,0.0,0.0,0.0,0.0
0.0,0.0,0.0,0.0,0.0,0.0
0.0,0.0,0.0,0.0,0.0,0.0
0.0,0.0,0.0,0.0,0.0,0.0
0.0,0.0,0.0,0.0,0.0,0.0
0.0,0.0,0.0,0.0,0.0,0.0
0.0,0.0,0.0,0.0,0.0,0.0
0.0,0.0,0.0,0.0,0.0,0.0
0.0,0.0,0.0,0.0,0.0,0.0
0.0,0.0,0.0,0.0,0.0,0.0
0.0,0.0,0.0,0.0,0.0,0.0
0.0,0.0,0.0,0.0,0.0,0.0
0.0,0.0,0.0,0.0,0.0,0.0
0.0,0.0,0.0,0.0,0.0,0.0
0.0,0.0,0.0,0.0,0.0,0.0
0.0,0.0,0.0,0.0,0.0,0.0
0.0,0.0,0.0,0.0,0.0,0.0
0.0,0.0,0.0,0.0,0.0,0.0
0.0,0.0,0.0,0.0,0.0,0.0
0.0,0.0,0.0,0.0,0.0,0.0
0.0,0.0,0.0,0.0,0.0,0.0
0.0,0.0,0.0,0.0,0.0,0.0
0.0,0.0,0.0,0.0,0.0,0.0
0.0,0.0,0.0,0.0,0.0,0.0
0.0,0.0,0.0,0.0,0.0,0.0
0.0,0.0,0.0,0.0,0.0,0.0
0.0,0.0,0.0,0.0,0.0,0.0
0.0,0.0,0.0,0.0,0.0,0.0
0.0,0.0,0.0,0.0,0.0,0.0
0.0,0.0,0.0,0.0,0.0,0.0
0.0,0.0,0.0,0.0,0.0,0.0
0.0,0.0,0.0,0.0,0.0,0.0
0.0,0.0,0.0,0.0,0.0,0.0
0.0,0.0,0.0,0.0,0.0,0.0
0.0,0.0,0.0,0.0,0.0,0.0
0.0,0.0,0.0,0.0,0.0,0.0
0.0,0.0,0.0,0.0,0.0,0.0
0.0,0.0,0.0,0.0,0.0,0.0
0.0,0.0,0.0,0.0,0.0,0.0
0.0,0.0,0.0,0.0,0.0,0.0
0.0,0.0,0.0,0.0,0.0,0.0
0.0,0.0,0.0,0.0,0.0,0.0
0.0,0.0,0.0,0.0,0.0,0.0
0.0,0.0,0.0,0.0,0.0,0.0
0.0,0.0,0.0,0.0,0.0,0.0
0.0,0.0,0.0,0.0,0.0,0.0
0.0,0.0,0.0,0.0,0.0,0.0
0.0,0.0,0.0,0.0,0.0,0.0
0.0,0.0,0.0,0.0,0.0,0.0
0.0,0.0,0.0,0.0,0.0,0.0
0.0,0.0,0.0,0.0,0.0,0.0
0.0,0.0,0.0,0.0,0.0,0.0
0.0,0.0,0.0,0.0,0.0,0.0
0.0,0.0,0.0,0.0,0.0,0.0
0.0,0.0,0.0,0.0,0.0,0.0
0.0,0.0,0.0,0.0,0.0,0.0
0.0,0.0,0.0,0.0,0.0,0.0
0.0,0.0,0.0,0.0,0.0,0.0
0.0,0.0,0.0,0.0,0.0,0.0
0.0,0.0,0.0,0.0,0.0,0.0
0.0,0.0,0.0,0.0,0.0,0.0
0.0,0.0,0.0,0.0,0.0,0.0
0.0,0.0,0.0,0.0,0.0,0.0
0.0,0.0,0.0,0.0,0.0,0.0
0.0,0.0,0.0,0.0,0.0,0.0
0.0,0.0,0.0,0.0,0.0,0.0
0.0,0.0,0.0,0.0,0.0,0.0
0.0,0.0,0.0,0.0,0.0,0.0
0.0,0.0,0.0,0.0,0.0,0.0
0.0,0.0,0.0,0.0,0.0,0.0
0.0,0.0,0.0,0.0,0.0,0.0
0.0,0.0,0.0,0.0,0.0,0.0
0.0,0.0,0.0,0.0,0.0,0.0
0.0,0.0,0.0,0.0,0.0,0.0
0.0,0.0,0.0,0.0,0.0,0.0
0.0,0.0,0.0,0.0,0.0,0.0
0.0,0.0,0.0,0.0,0.0,0.0
0.0,0.0,0.0,0.0,0.0,0.0
0.0,0.0,0.0,0.0,0.0,0.0
0.0,0.0,0.0,0.0,0.0,0.0
0.0,0.0,0.0,0.0,0.0,0.0
0.0,0.0,0.0,0.0,0.0,0.0
0.0,0.0,0.0,0.0,0.0,0.0
0.0,0.0,0.0,0.0,0.0,0.0
0.0,0.0,0.0,0.0,0.0,0.0
0.0,0.0,0.0,0.0,0.0,0.01830840595557851
0.0,0.0,0.0,0.0,0.0,0.021540379898616315
0.0,0.0,0.0,0.0,0.0,0.0
0.0,0.0,0.0,0.0,0.0,0.12371540785139071
0.0,0.0,0.0,0.0,0.0,0.11640268177296723
0.0,0.0,0.0,0.0,0.0,0.6990089335300762
0.0,0.0,0.0,0.0,0.0,0.3022820550592795
0.0,0.0,0.0,0.0,0.0,1.3282017953918321
0.0,0.0,0.0,0.0,0.0,2.7104468028070596
0.0,0.0,0.0,0.0,0.0,4.032062380857845
0.0,0.0,0.0,0.0,0.0,1.043466988179995
0.0,0.0,0.0,0.0,0.0,1.7925152528970711
0.0,0.0,0.0,0.0,0.0,1.463581816182747
0.0,0.0,0.0,0.0,0.0,0.7628817856226626
0.0,0.0,0.0,0.0,0.0,3.452765446484383
0.0,0.0,0.0,0.0,0.0,0.6203464172674256
0.0,0.0,0.0,0.0,0.0,0.4525983685029288
0.0,0.0,0.0,0.0,0.0,5.943917194079159
0.0,0.0,0.0,0.0,0.0,13.989062127478842
0.0,0.0,0.0,0.0,0.0,14.555484945894364
0.0,0.0,0.0,0.0,0.0,46.88739922074406
0.0,0.0,0.0,0.0,0.0,65.37351822904216
0.0,0.0,0.0,0.0,0.0,50.00288737251941
0.0,0.0,0.0,0.0,0.0,30.490870721515464
0.0,0.0,0.0,0.0,0.0,18.676863797730103
0.0,0.0,0.0,0.0,0.0,11.727545406198056
0.0,0.0,0.0,0.0,0.0,6.694675987190756
0.0,0.0,0.0,0.0,0.0,11.471919704269638
0.0,0.0,0.0,0.0,0.0,17.705649213470302
0.0,0.0,0.0,0.0,0.0,5.499676171723658
0.0,0.0,0.0,0.0,0.0,0.0
0.0,0.0,0.0,0.0,0.0,0.0
0.0,0.0,0.0,0.0,0.0,0.0
0.0,0.0,0.0,0.0,0.0,0.04309782994664531
0.0,0.0,0.0,0.0,0.0,0.3547234233242909
0.0,0.0,0.0,0.0,0.0,0.2726981207494088
0.0,0.0,0.0,0.0,0.0,0.07820080336692278
0.0,0.0,0.0,0.0,0.0,2.8792219076275067
0.0,0.0,0.0,0.0,0.0,10.712635801383353
0.0,0.0,0.0,0.0,0.0,12.640791082654
0.0,0.0,0.0,0.0,0.0,2.055103102482524
0.0,0.0,0.0,0.0,0.0,0.9711936699500718
0.0,0.0,0.0,0.0,0.0,0.8696375130617395
0.0,0.0,0.0,0.0,0.0,0.33116651806417585
0.0,0.0,0.0,0.0,0.0,0.09179167897876567
0.0,0.0,0.0,0.0,0.0,0.14851697053377716
0.0,0.0,0.0,0.0,0.0,2.001043303873758
0.0,0.0,0.0,0.0,0.0,0.15788551113750318
0.0,0.0,0.0,0.0,0.0,0.03195102853386703
0.0,0.0,0.0,0.0,0.0,0.4236349503123343
0.0,0.0,0.0,0.0,0.0,8.626342470526271
0.0,0.0,0.0,0.0,0.0,17.97602154897667
0.0,0.0,0.0,0.0,0.0,17.56621019604641
0.0,0.0,0.0,0.0,0.0,15.96873386424183
0.0,0.0,0.0,0.0,0.0,3.7115508929321646
0.0,0.0,0.0,0.0,0.0,2.5755572482696905
0.0,0.0,0.0,0.0,0.0,7.011018293403252
0.0,0.0,0.0,0.0,0.0,18.921990178222153
0.0,0.0,0.0,0.0,0.0,11.805561963701976
0.0,0.0,0.0,0.0,0.0,2.4973480069429765
0.0,0.0,0.0,0.0,0.0,0.15794464106965506
0.0,0.0,0.0,0.0,0.0,0.6496325388776427
0.0,0.0,0.0,0.0,0.0,0.11340796904844888
0.0,0.0,0.0,0.0,0.0,13.115183620274085
0.0,0.0,0.0,0.0,0.0,26.553390096572095
0.0,0.0,0.0,0.0,0.0,15.089298672800108
0.0,0.0,0.0,0.0,0.0,3.8106172626047345
0.0,0.0,0.0,0.0,0.0,2.8957068671949195
0.0,0.0,0.0,0.0,0.0,24.073922589655417
0.0,0.0,0.0,0.0,0.0,26.355232912705112
0.0,0.0,0.0,0.0,0.0,37.58107056570455
0.0,0.0,0.0,0.0,0.0,25.43491651374419
0.0,0.0,0.0,0.0,0.0,5.481764562778973
0.0,0.0,0.0,0.0,0.0,4.456386036174832
0.0,0.0,0.0,0.0,0.0,11.546082131931275
0.0,0.0,0.0,0.0,0.0,4.721058692944036
0.0,0.0,0.0,0.0,0.0,0.0
0.0,0.0,0.0,0.0,0.0,0.046755144544750694
0.0,0.0,0.0,0.0,0.0,0.06596973369784566
0.0,0.0,0.0,0.0,0.0,0.03466046687223913
0.0,0.0,0.0,0.0,0.0,0.02400137969994488
0.0,0.0,0.0,0.0,0.0,1.9817557583581717
0.0,0.0,0.0,0.0,0.0,8.81405923408938
0.0,0.0,0.0,0.0,0.0,4.999563642584286
0.0,0.0,0.0,0.0,0.0,0.052885340228980615
0.0,0.0,0.0,0.0,0.0,0.0
0.0,0.0,0.0,0.0,0.0,0.0
0.0,0.0,0.0,0.0,0.0,0.0
0.0,0.0,0.0,0.0,0.0,0.05786951514903771
0.0,0.0,0.0,0.0,0.0,0.0
0.0,0.0,0.0,0.0,0.0,0.03712605404513077
0.0,0.0,0.0,0.0,0.0,0.35861027415201924
0.0,0.0,0.0,0.0,0.0,3.2983915827299817
0.0,0.0,0.0,0.0,0.0,9.972613692977102
0.0,0.0,0.0,0.0,0.0,9.075508005006828
0.0,0.0,0.0,0.0,0.0,21.217889322095004
0.0,0.0,0.0,0.0,0.0,14.888082088633212
0.0,0.0,0.0,0.0,0.0,7.894366725807606
0.0,0.0,0.0,0.0,0.0,0.5974153897108957
0.0,0.0,0.0,0.0,0.0,5.952038553500984
0.0,0.0,0.0,0.0,0.0,21.155039861027014
0.0,0.0,0.0,0.0,0.0,7.872369701145773
0.0,0.0,0.0,0.0,0.0,4.460366613166425
0.0,0.0,0.0,0.0,0.0,0.44190884628445193
0.0,0.0,0.0,0.0,0.0,0.7792955702869528
0.0,0.0,0.0,0.0,0.0,1.1597876469606796
0.0,0.0,0.0,0.0,0.0,1.269811519588815
0.0,0.0,0.0,0.0,0.0,3.8417212543292276
0.0,0.0,0.0,0.0,0.0,2.9625526395059016
0.0,0.0,0.0,0.0,0.0,0.6690661053868183
0.0,0.0,0.0,0.0,0.0,3.128790322771262
0.0,0.0,0.0,0.0,0.0,26.24531386361248
0.0,0.0,0.0,0.0,0.0,23.997862338238747
0.0,0.0,0.0,0.0,0.0,43.081955173232984
0.0,0.0,0.0,0.0,0.0,38.8673915276585
0.0,0.0,0.0,0.0,0.0,20.932868149448986
0.0,0.0,0.0,0.0,0.0,7.493558041092092
0.0,0.0,0.0,0.0,0.0,7.685411662031957
0.0,0.0,0.0,0.0,0.0,5.756150049579808
0.0,0.0,0.0,0.0,0.0,3.0850570802096704
0.0,0.0,0.0,0.0,0.0,7.25046367017757
0.0,0.0,0.0,0.0,0.0,5.112765527844155
0.0,0.0,0.0,0.0,0.0,4.7945183839472065
0.0,0.0,0.0,0.0,0.0,8.57081629369483
0.0,0.0,0.0,0.0,0.0,10.929323849883557
0.0,0.0,0.0,0.0,0.0,12.746473401914617
0.0,0.0,0.0,0.0,0.0,37.870209946294466
0.0,0.0,0.0,0.0,0.0,35.85591287794458
0.0,0.0,0.0,0.0,0.0,39.75931585898978
0.0,0.0,0.0,0.0,0.0,21.71958496308728
0.0,0.0,0.0,0.0,0.0,13.142732791518677
0.0,0.0,0.0,0.0,0.0,10.833169709998117
0.0,0.0,0.0,0.0,0.0,10.922610216680333
0.0,0.0,0.0,0.0,0.0,3.961542125986089
0.0,0.0,0.0,0.0,0.0,7.3096611189513965
0.0,0.0,0.0,0.0,0.0,5.3995344251841155
0.0,0.0,0.0,0.0,0.0,7.407635504845902
0.0,0.0,0.0,0.0,0.0,5.864832140408156
0.0,0.0,0.0,0.0,0.0,2.3637664101215874
0.0,0.0,0.0,0.0,0.0,3.1312123319688294
0.0,0.0,0.0,0.0,0.0,5.512575441654835
0.0,0.0,0.0,0.0,0.0,6.178995449808104
0.0,0.0,0.0,0.0,0.0,15.616579341882014
0.0,0.0,0.0,0.0,0.0,8.36171510138472
0.0,0.0,0.0,0.0,0.0,4.768235606981229
0.0,0.0,0.0,0.0,0.0,4.4962998671835
0.0,0.0,0.0,0.0,0.0,0.9044017559558061
0.0,0.0,0.0,0.0,0.0,2.8725903047694685
0.0,0.0,0.0,0.0,0.0,0.7986779334683499
0.0,0.0,0.0,0.0,0.0,0.13001788426788582
0.0,0.0,0.0,0.0,0.0,0.9788070596993516
0.0,0.0,0.0,0.0,0.0,3.9824937872294606
0.0,0.0,0.0,0.0,0.0,5.509867139560681
0.0,0.0,0.0,0.0,0.0,10.151567623609882
0.0,0.0,0.0,0.0,0.0,9.068779757403455
0.0,0.0,0.0,0.0,0.0,3.8305752922693572
0.0,0.0,0.0,0.0,0.0,7.070226012044979
0.0,0.0,0.0,0.0,0.0,7.1745152966373
0.0,0.0,0.0,0.0,0.0,6.658199608350708
0.0,0.0,0.0,0.0,0.0,11.65929400467622
0.0,0.0,0.0,0.0,0.0,3.702131399184601
0.0,0.0,0.0,0.0,0.0,4.17957402650094
0.0,0.0,0.0,0.0,0.0,0.14177216694827774
0.0,0.0,0.0,0.0,0.0,0.1715982102964241
0.0,0.0,0.0,0.0,0.0,3.1965122095486462
0.0,0.0,0.0,0.0,0.0,5.913268293310747
0.0,0.0,0.0,0.0,0.0,4.022264397090321
0.0,0.0,0.0,0.0,0.0,3.545372549598492
0.0,0.0,0.0,0.0,0.0,2.248579001624733
0.0,0.0,0.0,0.0,0.0,5.679220296097775
0.0,0.0,0.0,0.0,0.0,5.248585671307266
0.0,0.0,0.0,0.0,0.0,3.7572711930456797
0.0,0.0,0.0,0.0,0.0,3.625670035552143
0.0,0.0,0.0,0.0,0.0,3.2445193117126143
0.0,0.0,0.0,0.0,0.0,4.298018485898967
0.0,0.0,0.0,0.0,0.0,0.4553089591649208
0.0,0.0,0.0,0.0,0.0,11.408283080285694
0.0,0.0,0.0,0.0,0.0,20.326790843880072
0.0,0.0,0.0,0.0,0.0,45.10283155548389
0.0,0.0,0.0,0.0,0.0,46.73244714388193
0.0,0.0,0.0,0.0,0.0,40.626772385214274
0.0,0.0,0.0,0.0,0.0,8.053207470781196
0.0,0.0,0.0,0.0,0.0,2.0827680782700604
0.0,0.0,0.0,0.0,0.0,0.8758948470215326
0.0,0.0,0.0,0.0,0.0,0.23863966793582306
0.0,0.0,0.0,0.0,0.0,0.37166153231990307
0.0,0.0,0.0,0.0,0.0,0.9668091572921587
0.0,0.0,0.0,0.0,0.0,2.3034887391287997
0.0,0.0,0.0,0.0,0.0,3.0748446072149993
0.0,0.0,0.0,0.0,0.0,0.7078478678737293
0.0,0.0,0.0,0.0,0.0,0.3076449071332508
0.0,0.0,0.0,0.0,0.0,1.2599562108519622
0.0,0.0,0.0,0.0,0.0,3.5310261945918655
0.0,0.0,0.0,0.0,0.0,3.719585857311361
0.0,0.0,0.0,0.0,0.0,18.103029278076683
0.0,0.0,0.0,0.0,0.0,23.77912015697906
0.0,0.0,0.0,0.0,0.0,8.893644956164668
0.0,0.0,0.0,0.0,0.0,6.388013359705079
0.0,0.0,0.0,0.0,0.0,8.072653245676289
0.0,0.0,0.0,0.0,0.0,4.298755640045858
0.0,0.0,0.0,0.0,0.0,7.52090376562278
0.0,0.0,0.0,0.0,0.0,10.685049307817767
0.0,0.0,0.0,0.0,0.0,18.19225705480865
0.0,0.0,0.0,0.0,0.0,24.86199033793148
0.0,0.0,0.0,0.0,0.0,28.9144343957728
0.0,0.0,0.0,0.0,0.0,31.398479545382457
0.0,0.0,0.0,0.0,0.0,33.86673435484971
0.0,0.0,0.0,0.0,0.0,12.916455343453073
0.0,0.0,0.0,0.0,0.0,2.428010253004723
0.0,0.0,0.0,0.0,0.0,1.5470377505702675
0.0,0.0,0.0,0.0,0.0,4.952930622134221
0.0,0.0,0.0,0.0,0.0,4.942870054181599
0.0,0.0,0.0,0.0,0.0,5.030786048364084
0.0,0.0,0.0,0.0,0.0,3.7521038693525326
0.0,0.0,0.0,0.0,0.0,4.806162901668161
0.0,0.0,0.0,0.0,0.0,10.762022940796356
0.0,0.0,0.0,0.0,0.0,13.25501349243349
0.0,0.0,0.0,0.0,0.0,13.670168202692704
0.0,0.0,0.0,0.0,0.0,4.406063944261048
0.0,0.0,0.0,0.0,0.0,3.784351626171761
0.0,0.0,0.0,0.0,0.0,3.7528940131401556
0.0,0.0,0.0,0.0,0.0,8.26326830398401
0.0,0.0,0.0,0.0,0.0,15.406152629321753
0.0,0.0,0.0,0.0,0.0,16.899150045166593
0.0,0.0,0.0,0.0,0.0,19.726629775014935
0.0,0.0,0.0,0.0,0.0,33.09925640551705
0.0,0.0,0.0,0.0,0.0,24.500591877774067
0.0,0.0,0.0,0.0,0.0,27.463223579414915
0.0,0.0,0.0,0.0,0.0,31.73272690615149
0.0,0.0,0.0,0.0,0.0,26.293683203670273
0.0,0.0,0.0,0.0,0.0,21.402164278103847
0.0,0.0,0.0,0.0,0.0,23.37197581500365
0.0,0.0,0.0,0.0,0.0,30.498763481182646
0.0,0.0,0.0,0.0,0.0,24.893358773399903
0.0,0.0,0.0,0.0,0.0,23.638745991792824
0.0,0.0,0.0,0.0,0.0,32.9831828822273
0.0,0.0,0.0,0.0,0.0,43.85572080074647
0.0,0.0,0.0,0.0,0.0,33.4168961206594
0.0,0.0,0.0,0.0,0.0,32.96425270702667
0.0,0.0,0.0,0.0,0.0,41.43741551200684
0.0,0.0,0.0,0.0,0.0,35.16360226172
0.0,0.0,0.0,0.0,0.0,38.8005781776213
0.0,0.0,0.0,0.0,0.0,20.047175866759172
0.0,0.0,0.0,0.0,0.0,17.828061160684
0.0,0.0,0.0,0.0,0.0,19.529555180555704
0.0,0.0,0.0,0.0,0.0,8.53891014727462
0.0,0.0,0.0,0.0,0.0,11.62073705385327
0.0,0.0,0.0,0.0,0.0,8.016200409930121
0.0,0.0,0.0,0.0,0.0,14.068451154682041
0.0,0.0,0.0,0.0,0.0,31.64675815792581
0.0,0.0,0.0,0.0,0.0,40.73271012196397
0.0,0.0,0.0,0.0,0.0,42.487356194916586
0.0,0.0,0.0,0.0,0.0,53.65694183201647
0.0,0.0,0.0,0.0,0.0,47.49612933241524
0.0,0.0,0.0,0.0,0.0,30.57503206366345
0.0,0.0,0.0,0.0,0.0,31.886808712965887
0.0,0.0,0.0,0.0,0.0,16.279738423835852
0.0,0.0,0.0,0.0,0.0,9.715156365965754
0.0,0.0,0.0,0.0,0.0,27.5984158480653
0.0,0.0,0.0,0.0,0.0,33.748100832424576
0.0,0.0,0.0,0.0,0.0,48.58860111961647
0.0,0.0,0.0,0.0,0.0,36.955846916904875
0.0,0.0,0.0,0.0,0.0,24.16090279282842
0.0,0.0,0.0,0.0,0.0,13.93630834212793
0.0,0.0,0.0,0.0,0.0,7.923673777455667
0.0,0.0,0.0,0.0,0.0,9.664121628080075
0.0,0.0,0.0,0.0,0.0,6.211017470347766
0.0,0.0,0.0,0.0,0.0,3.6381021966757427
0.0,0.0,0.0,0.0,0.0,4.653721916790169
0.0,0.0,0.0,0.0,0.0,7.876506060580426
0.0,0.0,0.0,0.0,0.0,6.306731531750325
0.0,0.0,0.0,0.0,0.0,3.44712386966628
0.0,0.0,0.0,0.0,0.0,7.830199177128759
0.0,0.0,0.0,0.0,0.0,5.284638448837102
0.0,0.0,0.0,0.0,0.0,6.08928977580075
0.0,0.0,0.0,0.0,0.0,9.854818792395214
0.0,0.0,0.0,0.0,0.0,10.708060231632778
0.0,0.0,0.0,0.0,0.0,14.15080357065512
0.0,0.0,0.0,0.0,0.0,10.13686990430876
0.0,0.0,0.0,0.0,0.0,1.0980338246528005
0.0,0.0,0.0,0.0,0.0,4.812576870918205
0.0,0.0,0.0,0.0,0.0,6.401955877142825
0.0,0.0,0.0,0.0,0.0,14.278581956120883
0.0,0.0,0.0,0.0,0.0,8.836933489871937
0.0,0.0,0.0,0.0,0.0,15.298486220558344
0.0,0.0,0.0,0.0,0.0,7.178658374604224
0.0,0.0,0.0,0.0,0.0,5.069790163438224
0.0,0.0,0.0,0.0,0.0,5.960756850977703
0.0,0.0,0.0,0.0,0.0,3.662979805740869
0.0,0.0,0.0,0.0,0.0,5.825848637934115
0.0,0.0,0.0,0.0,0.0,16.984836887010392
0.0,0.0,0.0,0.0,0.0,5.43787698334895
0.0,0.0,0.0,0.0,0.0,3.641252113657944
0.0,0.0,0.0,0.0,0.0,5.262719682712065
0.0,0.0,0.0,0.0,0.0,10.383140186222345
0.0,0.0,0.0,0.0,0.0,6.857906421468283
0.0,0.0,0.0,0.0,0.0,10.604912322667541
0.0,0.0,0.0,0.0,0.0,3.5469486405725874
0.0,0.0,0.0,0.0,0.0,9.267441799257236
0.0,0.0,0.0,0.0,0.0,26.283698953584818
0.0,0.0,0.0,0.0,0.0,19.30317144770025
0.0,0.0,0.0,0.0,0.0,23.59844723629528
0.0,0.0,0.0,0.0,0.0,25.244211131144404
0.0,0.0,0.0,0.0,0.0,24.93128234114047
0.0,0.0,0.0,0.0,0.0,17.13363633167783
0.0,0.0,0.0,0.0,0.0,14.823896208843273
0.0,0.0,0.0,0.0,0.0,7.708476558572693
0.0,0.0,0.0,0.0,0.0,5.561106140722135
0.0,0.0,0.0,0.0,0.0,7.090748652761725
0.0,0.0,0.0,0.0,0.0,6.600086296917889
0.0,0.0,0.0,0.0,0.0,7.576457313441732
0.0,0.0,0.0,0.0,0.0,8.488578748910669
0.0,0.0,0.0,0.0,0.0,9.886651942220695
0.0,0.0,0.0,0.0,0.0,14.717774664436085
0.0,0.0,0.0,0.0,0.0,11.557623464673819
0.0,0.0,0.0,0.0,0.0,12.49100855437086
0.0,0.0,0.0,0.0,0.0,20.99143215925286
0.0,0.0,0.0,0.0,0.0,15.739644886649064
0.0,0.0,0.0,0.0,0.0,15.674651799783955
0.0,0.0,0.0,0.0,0.0,11.380655776538717
0.0,0.0,0.0,0.0,0.0,20.808922575642292
0.0,0.0,0.0,0.0,0.0,13.407254989893712
0.0,0.0,0.0,0.0,0.0,7.368996657759905
0.0,0.0,0.0,0.0,0.0,6.041923714903248
0.0,0.0,0.0,0.0,0.0,2.207320044372172
0.0,0.0,0.0,0.0,0.0,0.8873988129123184
0.0,0.0,0.0,0.0,0.0,4.317863353969036
0.0,0.0,0.0,0.0,0.0,2.2736166405723317
0.0,0.0,0.0,0.0,0.0,2.277593642545358
0.0,0.0,0.0,0.0,0.0,3.2897779882123275
0.0,0.0,0.0,0.0,0.0,8.431233440082242
0.0,0.0,0.0,0.0,0.0,2.1484860787300684
0.0,0.0,0.0,0.0,0.0,1.4353160574047603
0.0,0.0,0.0,0.0,0.0,1.546863105083109
0.0,0.0,0.0,0.0,0.0,2.049546506019947
0.0,0.0,0.0,0.0,0.0,3.054503428105096
0.0,0.0,0.0,0.0,0.0,0.3324505820765131
0.0,0.0,0.0,0.0,0.0,0.3270896233273837
0.0,0.0,0.0,0.0,0.0,0.697781562196936
0.0,0.0,0.0,0.0,0.0,0.9192920857457643
0.0,0.0,0.0,0.0,0.0,2.2196341528438857
0.0,0.0,0.0,0.0,0.0,0.9149765796609726
0.0,0.0,0.0,0.0,0.0,3.604606694461223
0.0,0.0,0.0,0.0,0.0,7.323595069522762
0.0,0.0,0.0,0.0,0.0,9.991486052426687
0.0,0.0,0.0,0.0,0.0,7.747665851174366
0.0,0.0,0.0,0.0,0.0,7.081619479726141
0.0,0.0,0.0,0.0,0.0,5.285477952008285
0.0,0.0,0.0,0.0,0.0,14.758488569726751
0.0,0.0,0.0,0.0,0.0,12.0843118751671
0.0,0.0,0.0,0.0,0.0,2.733510987238159
0.0,0.0,0.0,0.0,0.0,1.70123340857127
0.0,0.0,0.0,0.0,0.0,0.7534497778132528
0.0,0.0,0.0,0.0,0.0,2.6428001505634358
0.0,0.0,0.0,0.0,0.0,5.728641286724537
0.0,0.0,0.0,0.0,0.0,1.8472735884072624
0.0,0.0,0.0,0.0,0.0,2.5756395762409943
0.0,0.0,0.0,0.0,0.0,1.735101404406711
0.0,0.0,0.0,0.0,0.0,4.016036814500957
0.0,0.0,0.0,0.0,0.0,6.190719563646519
0.0,0.0,0.0,0.0,0.0,6.763228954157105
0.0,0.0,0.0,0.0,0.0,4.569939085454763
0.0,0.0,0.0,0.0,0.0,10.786087944490776
0.0,0.0,0.0,0.0,0.0,10.737598636754893
0.0,0.0,0.0,0.0,0.0,7.710974631052011
0.0,0.0,0.0,0.0,0.0,12.295910091103382
0.0,0.0,0.0,0.0,0.0,6.078419416730238
0.0,0.0,0.0,0.0,0.0,4.771780898000502
0.0,0.0,0.0,0.0,0.0,2.7339401627689512
0.0,0.0,0.0,0.0,0.0,1.7253861940793205
0.0,0.0,0.0,0.0,0.0,1.6035445486204498
0.0,0.0,0.0,0.0,0.0,3.25557631510179
0.0,0.0,0.0,0.0,0.0,4.400627325005987
0.0,0.0,0.0,0.0,0.0,6.822396944645904
0.0,0.0,0.0,0.0,0.0,3.6588021413305585
0.0,0.0,0.0,0.0,0.0,6.7011785341956855
0.0,0.0,0.0,0.0,0.0,4.867146044054397
0.0,0.0,0.0,0.0,0.0,1.8548963655255566
0.0,0.0,0.0,0.0,0.0,1.9910591769230699
0.0,0.0,0.0,0.0,0.0,2.4765456486269337
0.0,0.0,0.0,0.0,0.0,1.8575244988174275
0.0,0.0,0.0,0.0,0.0,2.046014756472994
0.0,0.0,0.0,0.0,0.0,1.5404204906947498
0.0,0.0,0.0,0.0,0.0,3.0633327245810116
0.0,0.0,0.0,0.0,0.0,2.1023880405502426
0.0,0.0,0.0,0.0,0.0,5.845495620510082
0.0,0.0,0.0,0.0,0.0,6.361140179910654
0.0,0.0,0.0,0.0,0.0,6.869402011430444
0.0,0.0,0.0,0.0,0.0,7.108573458265491
0.0,0.0,0.0,0.0,0.0,5.226225239246285
0.0,0.0,0.0,0.0,0.0,8.937138297155453
0.0,0.0,0.0,0.0,0.0,5.434495316110729
0.0,0.0,0.0,0.0,0.0,4.117428848538659
0.0,0.0,0.0,0.0,0.0,3.2251126419884852
0.0,0.0,0.0,0.0,0.0,1.6554388269496103
0.0,0.0,0.0,0.0,0.0,2.2854094054899456
0.0,0.0,0.0,0.0,0.0,4.294667326510555
0.0,0.0,0.0,0.0,0.0,4.113074826471016
0.0,0.0,0.0,0.0,0.0,7.033692670239887
0.0,0.0,0.0,0.0,0.0,5.319928877202786
0.0,0.0,0.0,0.0,0.0,3.596057989534618
0.0,0.0,0.0,0.0,0.0,8.810608432081114
0.0,0.0,0.0,0.0,0.0,9.767531919064158
0.0,0.0,0.0,0.0,0.0,17.679192649289526
0.0,0.0,0.0,0.0,0.0,6.0307620288678825
0.0,0.0,0.0,0.0,0.0,6.71965565359803
0.0,0.0,0.0,0.0,0.0,2.237372149954221
0.0,0.0,0.0,0.0,0.0,1.4202839013117419
0.0,0.0,0.0,0.0,0.0,0.9191240098878719
0.0,0.0,0.0,0.0,0.0,1.5785273725383848
0.0,0.0,0.0,0.0,0.0,4.0749063092558675
0.0,0.0,0.0,0.0,0.0,2.4256596453194676
0.0,0.0,0.0,0.0,0.0,4.8743469403401365
0.0,0.0,0.0,0.0,0.0,5.657416374994096
0.0,0.0,0.0,0.0,0.0,5.9973200532426585
0.0,0.0,0.0,0.0,0.0,3.304017801323699
0.0,0.0,0.0,0.0,0.0,3.2537440920847605
0.0,0.0,0.0,0.0,0.0,4.192367743115304
0.0,0.0,0.0,0.0,0.0,2.2871310580184034
0.0,0.0,0.0,0.0,0.0,2.092275342165813
0.0,0.0,0.0,0.0,0.0,2.7432931925660746
0.0,0.0,0.0,0.0,0.0,2.4558151504979766
0.0,0.0,0.0,0.0,0.0,3.4984867444945653
0.0,0.0,0.0,0.0,0.0,2.6961088097501604
0.0,0.0,0.0,0.0,0.0,5.427595051956123
0.0,0.0,0.0,0.0,0.0,3.8598215760322514
0.0,0.0,0.0,0.0,0.0,2.602124197686557
0.0,0.0,0.0,0.0,0.0,8.756373923786668
0.0,0.0,0.0,0.0,0.0,5.419074096561419
0.0,0.0,0.0,0.0,0.0,0.7034977346196875
0.0,0.0,0.0,0.0,0.0,0.4781141604061801
0.0,0.0,0.0,0.0,0.0,2.4323995299427263
0.0,0.0,0.0,0.0,0.0,4.953718652580594
0.0,0.0,0.0,0.0,0.0,8.005496634214111
0.0,0.0,0.0,0.0,0.0,4.6644770975034415
0.0,0.0,0.0,0.0,0.0,4.956573894555982
0.0,0.0,0.0,0.0,0.0,4.566041827323957
0.0,0.0,0.0,0.0,0.0,9.992052469247934
0.0,0.0,0.0,0.0,0.0,5.120557203061864
0.0,0.0,0.0,0.0,0.0,1.2597010779952966
0.0,0.0,0.0,0.0,0.0,1.7948636146697559
0.0,0.0,0.0,0.0,0.0,2.748144063035274
0.0,0.0,0.0,0.0,0.0,6.018397191999513
0.0,0.0,0.0,0.0,0.0,4.005645934277769
0.0,0.0,0.0,0.0,0.0,3.7652176717170556
0.0,0.0,0.0,0.0,0.0,2.284668368291414
0.0,0.0,0.0,0.0,0.0,5.597096027089943
0.0,0.0,0.0,0.0,0.0,6.720677814016614
0.0,0.0,0.0,0.0,0.0,16.941913995171678
0.0,0.0,0.0,0.0,0.0,20.61640077514558
0.0,0.0,0.0,0.0,0.0,26.64028427871626
0.0,0.0,0.0,0.0,0.0,22.273326068289947
0.0,0.0,0.0,0.0,0.0,20.126079722156575
0.0,0.0,0.0,0.0,0.0,18.182997122272518
0.0,0.0,0.0,0.0,0.0,19.968505914996783
0.0,0.0,0.0,0.0,0.0,10.021264234879268
0.0,0.0,0.0,0.0,0.0,8.871552111891528
0.0,0.0,0.0,0.0,0.0,13.95072313070344
0.0,0.0,0.0,0.0,0.0,16.387635628712285
0.0,0.0,0.0,0.0,0.0,8.630737479409184
0.0,0.0,0.0,0.0,0.0,15.532172012317208
0.0,0.0,0.0,0.0,0.0,18.794808771177998
0.0,0.0,0.0,0.0,0.0,29.86322283514412
0.0,0.0,0.0,0.0,0.0,17.570398228952786
0.0,0.0,0.0,0.0,0.0,15.292950703660084
0.0,0.0,0.0,0.0,0.0,5.355479337265887
0.0,0.0,0.0,0.0,0.0,4.713056030448664
0.0,0.0,0.0,0.0,0.0,5.42345313116767
0.0,0.0,0.0,0.0,0.0,7.816194232907978
0.0,0.0,0.0,0.0,0.0,8.490901326461872
0.0,0.0,0.0,0.0,0.0,5.159008771185549
0.0,0.0,0.0,0.0,0.0,1.879798746152552
0.0,0.0,0.0,0.0,0.0,2.6049944952388957
0.0,0.0,0.0,0.0,0.0,2.0454434075854917
0.0,0.0,0.0,0.0,0.0,4.326791230133308
0.0,0.0,0.0,0.0,0.0,1.9403786294430991
0.0,0.0,0.0,0.0,0.0,4.081170716828215
0.0,0.0,0.0,0.0,0.0,7.168447618567546
0.0,0.0,0.0,0.0,0.0,7.038368612972653
0.0,0.0,0.0,0.0,0.0,3.3001271031709365
0.0,0.0,0.0,0.0,0.0,9.467552239071722
0.0,0.0,0.0,0.0,0.0,7.980936176128016
0.0,0.0,0.0,0.0,0.0,7.636718247066472
0.0,0.0,0.0,0.0,0.0,3.7538367598721063
0.0,0.0,0.0,0.0,0.0,4.679518850478074
0.0,0.0,0.0,0.0,0.0,5.451744689939797
0.0,0.0,0.0,0.0,0.0,19.508270751666505
0.0,0.0,0.0,0.0,0.0,15.538393886109485
0.0,0.0,0.0,0.0,0.0,18.208209676826577
0.0,0.0,0.0,0.0,0.0,26.88134980342641
0.0,0.0,0.0,0.0,0.0,24.0758387322505
0.0,0.0,0.0,0.0,0.0,24.730769798550714
0.0,0.0,0.0,0.0,0.0,9.90763269447558
0.0,0.0,0.0,0.0,0.0,9.600564726023926
0.0,0.0,0.0,0.0,0.0,19.833628087790885
0.0,0.0,0.0,0.0,0.0,16.86354040419108
0.0,0.0,0.0,0.0,0.0,11.522309335261333
0.0,0.0,0.0,0.0,0.0,11.183187248248338
0.0,0.0,0.0,0.0,0.0,16.790030761937004
0.0,0.0,0.0,0.0,0.0,16.446971057472496
0.0,0.0,0.0,0.0,0.0,20.28493703317004
0.0,0.0,0.0,0.0,0.0,15.093385503534716
0.0,0.0,0.0,0.0,0.0,16.205091704026582
0.0,0.0,0.0,0.0,0.0,22.19698810218172
0.0,0.0,0.0,0.0,0.0,12.416480254679998
0.0,0.0,0.0,0.0,0.0,15.343255989103966
0.0,0.0,0.0,0.0,0.0,29.263362521885085
0.0,0.0,0.0,0.0,0.0,19.96393248044734
0.0,0.0,0.0,0.0,0.0,21.48859551296642
0.0,0.0,0.0,0.0,0.0,14.09835217187426
0.0,0.0,0.0,0.0,0.0,13.771599810951106
0.0,0.0,0.0,0.0,0.0,14.211527679354592
0.0,0.0,0.0,0.0,0.0,11.247698485996885
0.0,0.0,0.0,0.0,0.0,9.280817516652974
0.0,0.0,0.0,0.0,0.0,3.533371918551955
0.0,0.0,0.0,0.0,0.0,0.9908427227986688
0.0,0.0,0.0,0.0,0.0,0.8912783915875052
0.0,0.0,0.0,0.0,0.0,4.542209833804824
0.0,0.0,0.0,0.0,0.0,7.134721119177444
0.0,0.0,0.0,0.0,0.0,4.485103104495612
0.0,0.0,0.0,0.0,0.0,6.443570276447339
0.0,0.0,0.0,0.0,0.0,7.25104329594979
0.0,0.0,0.0,0.0,0.0,4.890134000037797
0.0,0.0,0.0,0.0,0.0,18.224909213915467
0.0,0.0,0.0,0.0,0.0,15.746837264805034
0.0,0.0,0.0,0.0,0.0,9.00581217797912
0.0,0.0,0.0,0.0,0.0,25.524577380205315
0.0,0.0,0.0,0.0,0.0,10.07855469411494
0.0,0.0,0.0,0.0,0.0,6.4931513267782925
0.0,0.0,0.0,0.0,0.0,6.8739963918465605
0.0,0.0,0.0,0.0,0.0,4.253618552738681
0.0,0.0,0.0,0.0,0.0,7.369612235808834
0.0,0.0,0.0,0.0,0.0,2.3823380618870043
0.0,0.0,0.0,0.0,0.0,2.6377700362634373
0.0,0.0,0.0,0.0,0.0,3.1434873281481392
0.0,0.0,0.0,0.0,0.0,3.8421577045957145
0.0,0.0,0.0,0.0,0.0,4.999909017222656
0.0,0.0,0.0,0.0,0.0,7.588540960472672
0.0,0.0,0.0,0.0,0.0,3.496613271727437
0.0,0.0,0.0,0.0,0.0,4.070423164486359
0.0,0.0,0.0,0.0,0.0,7.3640176958785455
0.0,0.0,0.0,0.0,0.0,2.89127261280722
0.0,0.0,0.0,0.0,0.0,0.9274463580887977
0.0,0.0,0.0,0.0,0.0,4.279235223434776
0.0,0.0,0.0,0.0,0.0,8.383993075647533
0.0,0.0,0.0,0.0,0.0,14.305207837598156
0.0,0.0,0.0,0.0,0.0,15.019913354496623
0.0,0.0,0.0,0.0,0.0,16.0540506609081
0.0,0.0,0.0,0.0,0.0,12.281660658928296
0.0,0.0,0.0,0.0,0.0,7.993700077782162
0.0,0.0,0.0,0.0,0.0,3.020041809577737
0.0,0.0,0.0,0.0,0.0,1.8889099317007023
0.0,0.0,0.0,0.0,0.0,1.355023511112659
0.0,0.0,0.0,0.0,0.0,7.331655157676442
0.0,0.0,0.0,0.0,0.0,16.513124348409402
0.0,0.0,0.0,0.0,0.0,9.37810507175413
0.0,0.0,0.0,0.0,0.0,10.073654261815813
0.0,0.0,0.0,0.0,0.0,14.935014715549897
0.0,0.0,0.0,0.0,0.0,6.061802619371202
0.0,0.0,0.0,0.0,0.0,9.844703591998163
0.0,0.0,0.0,0.0,0.0,3.9798933000741616
0.0,0.0,0.0,0.0,0.0,9.323356926424694
0.0,0.0,0.0,0.0,0.0,11.16535536644611
0.0,0.0,0.0,0.0,0.0,9.695947326012469
0.0,0.0,0.0,0.0,0.0,9.20630320250159
0.0,0.0,0.0,0.0,0.0,9.783398205006268
0.0,0.0,0.0,0.0,0.0,9.27689485749085
0.0,0.0,0.0,0.0,0.0,9.689481583283419
0.0,0.0,0.0,0.0,0.0,13.539468661846858
0.0,0.0,0.0,0.0,0.0,14.16921377125023
0.0,0.0,0.0,0.0,0.0,4.25767614393029
0.0,0.0,0.0,0.0,0.0,1.8734870855813361
0.0,0.0,0.0,0.0,0.0,5.096267250762851
0.0,0.0,0.0,0.0,0.0,4.043336267029886
0.0,0.0,0.0,0.0,0.0,2.0094991440676773
0.0,0.0,0.0,0.0,0.0,4.758642866966524
0.0,0.0,0.0,0.0,0.0,4.104259503644375
0.0,0.0,0.0,0.0,0.0,4.3219608896173405
0.0,0.0,0.0,0.0,0.0,1.924621802532976
0.0,0.0,0.0,0.0,0.0,5.48019502596532
0.0,0.0,0.0,0.0,0.0,3.603421005354156
0.0,0.0,0.0,0.0,0.0,2.140212296177548
0.0,0.0,0.0,0.0,0.0,3.723062064108227
0.0,0.0,0.0,0.0,0.0,6.178775269823939
0.0,0.0,0.0,0.0,0.0,4.340287551381586
0.0,0.0,0.0,0.0,0.0,4.7496360803118005
0.0,0.0,0.0,0.0,0.0,2.2184298500726074
0.0,0.0,0.0,0.0,0.0,5.956549201331663
0.0,0.0,0.0,0.0,0.0,4.515001083381254
0.0,0.0,0.0,0.0,0.0,3.5386646604816434
0.0,0.0,0.0,0.0,0.0,5.06710607208236
0.0,0.0,0.0,0.0,0.0,9.638134726540754
0.0,0.0,0.0,0.0,0.0,7.046568516608323
0.0,0.0,0.0,0.0,0.0,5.056408443573699
0.0,0.0,0.0,0.0,0.0,12.946544327245881
0.0,0.0,0.0,0.0,0.0,5.164057866472879
0.0,0.0,0.0,0.0,0.0,7.671174151267816
0.0,0.0,0.0,0.0,0.0,11.330456803705154
0.0,0.0,0.0,0.0,0.0,19.89828240626937
0.0,0.0,0.0,0.0,0.0,19.159380232920384
0.0,0.0,0.0,0.0,0.0,19.359945086860677
0.0,0.0,0.0,0.0,0.0,18.964076709998444
0.0,0.0,0.0,0.0,0.0,12.537302692035492
0.0,0.0,0.0,0.0,0.0,19.809730121772994
0.0,0.0,0.0,0.0,0.0,16.948691327042873
0.0,0.0,0.0,0.0,0.0,11.669863650883944
0.0,0.0,0.0,0.0,0.0,10.977069019319092
0.0,0.0,0.0,0.0,0.0,8.105736320863485
0.0,0.0,0.0,0.0,0.0,12.500604924770155
0.0,0.0,0.0,0.0,0.0,10.993819535283164
0.0,0.0,0.0,0.0,0.0,9.197776517193176
0.0,0.0,0.0,0.0,0.0,9.69535791500369
0.0,0.0,0.0,0.0,0.0,8.923799728666543
0.0,0.0,0.0,0.0,0.0,4.467426466328423
0.0,0.0,0.0,0.0,0.0,5.658327708283509
0.0,0.0,0.0,0.0,0.0,10.434095105543426
0.0,0.0,0.0,0.0,0.0,4.76446912840668
0.0,0.0,0.0,0.0,0.0,5.159981348189147
0.0,0.0,0.0,0.0,0.0,8.715801854863276
0.0,0.0,0.0,0.0,0.0,12.310290621579334
0.0,0.0,0.0,0.0,0.0,10.432257863730458
0.0,0.0,0.0,0.0,0.0,10.116618674616829
0.0,0.0,0.0,0.0,0.0,8.56853021652466
0.0,0.0,0.0,0.0,0.0,14.632029542712992
0.0,0.0,0.0,0.0,0.0,7.340844884688985
0.0,0.0,0.0,0.0,0.0,5.299454176651034
0.0,0.0,0.0,0.0,0.0,11.123444590996378
0.0,0.0,0.0,0.0,0.0,12.32295692606278
0.0,0.0,0.0,0.0,0.0,19.902389843178153
0.0,0.0,0.0,0.0,0.0,21.012909484513873
0.0,0.0,0.0,0.0,0.0,31.17978146487947
0.0,0.0,0.0,0.0,0.0,41.98401803713604
0.0,0.0,0.0,0.0,0.0,177.39820193990215
0.0,0.0,0.0,0.0,0.0,125.7973927050612
0.0,0.0,0.0,0.0,0.0,56.132663897547744
0.0,0.0,0.0,0.0,0.0,35.26951660045776
0.0,0.0,0.0,0.0,0.0,30.989191516380945
0.0,0.0,0.0,0.0,0.0,41.63615073750328
0.0,0.0,0.0,0.0,0.0,36.552470744303704
0.0,0.0,0.0,0.0,0.0,8.006556193578625
0.0,0.0,0.0,0.0,0.0,5.781227036271223
0.0,0.0,0.0,0.0,0.0,8.31258595789223
0.0,0.0,0.0,0.0,0.0,11.292056848461357
0.0,0.0,0.0,0.0,0.0,18.074528151757818
0.0,0.0,0.0,0.0,0.0,25.067821043255964
0.0,0.0,0.0,0.0,0.0,25.84228885951675
0.0,0.0,0.0,0.0,0.0,39.122180009498805
0.0,0.0,0.0,0.0,0.0,38.100876724443225
0.0,0.0,0.0,0.0,0.0,22.094986731512353
0.0,0.0,0.0,0.0,0.0,12.704950504460383
0.0,0.0,0.0,0.0,0.0,8.942463127443482
0.0,0.0,0.0,0.0,0.0,4.731419872716286
0.0,0.0,0.0,0.0,0.0,6.375018521136881
0.0,0.0,0.0,0.0,0.0,6.715294304227327
0.0,0.0,0.0,0.0,0.0,5.324693594414018
0.0,0.0,0.0,0.0,0.0,3.351382639537598
0.0,0.0,0.0,0.0,0.0,2.0288846091821497
0.0,0.0,0.0,0.0,0.0,0.9286947797959862
0.0,0.0,0.0,0.0,0.0,1.8646906853707585
0.0,0.0,0.0,0.0,0.0,6.190785334245254
0.0,0.0,0.0,0.0,0.0,5.974342468105682
0.0,0.0,0.0,0.0,0.0,3.7462872457321983
0.0,0.0,0.0,0.0,0.0,4.065116917376144
0.0,0.0,0.0,0.0,0.0,1.9195862012255458
0.0,0.0,0.0,0.0,0.0,2.610785582918346
0.0,0.0,0.0,0.0,0.0,1.2658638015364727
0.0,0.0,0.0,0.0,0.0,6.439129813561439
0.0,0.0,0.0,0.0,0.0,4.277297060542891
0.0,0.0,0.0,0.0,0.0,5.8880270246935
0.0,0.0,0.0,0.0,0.0,4.073041309371834
0.0,0.0,0.0,0.0,0.0,9.681972197861851
0.0,0.0,0.0,0.0,0.0,10.521692681283875
0.0,0.0,0.0,0.0,0.0,2.598679950183929
0.0,0.0,0.0,0.0,0.0,5.272400150599731
0.0,0.0,0.0,0.0,0.0,2.833912260222927
0.0,0.0,0.0,0.0,0.0,4.6571984047057775
0.0,0.0,0.0,0.0,0.0,3.8476034670244417
0.0,0.0,0.0,0.0,0.0,4.629876152678882
0.0,0.0,0.0,0.0,0.0,5.243533100982191
0.0,0.0,0.0,0.0,0.0,4.233293593436096
0.0,0.0,0.0,0.0,0.0,4.242090443396274
0.0,0.0,0.0,0.0,0.0,5.266350531218675
0.0,0.0,0.0,0.0,0.0,2.9422921357487213
0.0,0.0,0.0,0.0,0.0,2.18144802885079
0.0,0.0,0.0,0.0,0.0,7.1932408583519685
0.0,0.0,0.0,0.0,0.0,8.29662023826514
0.0,0.0,0.0,0.0,0.0,9.838690532895194
0.0,0.0,0.0,0.0,0.0,3.30605334052106
0.0,0.0,0.0,0.0,0.0,7.274950220615123
0.0,0.0,0.0,0.0,0.0,10.985767024430412
0.0,0.0,0.0,0.0,0.0,9.479595112968592
0.0,0.0,0.0,0.0,0.0,11.107644698049253
0.0,0.0,0.0,0.0,0.0,22.33027713138767
0.0,0.0,0.0,0.0,0.0,33.86950610007871
0.0,0.0,0.0,0.0,0.0,27.50387304297449
0.0,0.0,0.0,0.0,0.0,28.646543184207168
0.0,0.0,0.0,0.0,0.0,30.868345810207067
0.0,0.0,0.0,0.0,0.0,29.943851288031084
0.0,0.0,0.0,0.0,0.0,34.078557513622506
0.0,0.0,0.0,0.0,0.0,30.25354010443803
0.0,0.0,0.0,0.0,0.0,26.22012019786509
0.0,0.0,0.0,0.0,0.0,22.746200907382352
0.0,0.0,0.0,0.0,0.0,18.995880878911404
0.0,0.0,0.0,0.0,0.0,12.291411543280214
0.0,0.0,0.0,0.0,0.0,7.90078050674033
0.0,0.0,0.0,0.0,0.0,12.363328127297375
0.0,0.0,0.0,0.0,0.0,16.367298074088957
0.0,0.0,0.0,0.0,0.0,19.49917282231015
0.0,0.0,0.0,0.0,0.0,24.81858985719895
0.0,0.0,0.0,0.0,0.0,27.011320056200134
0.0,0.0,0.0,0.0,0.0,17.047738160958406
0.0,0.0,0.0,0.0,0.0,27.31620129563447
0.0,0.0,0.0,0.0,0.0,24.68004091690164
0.0,0.0,0.0,0.0,0.0,23.96577471916863
0.0,0.0,0.0,0.0,0.0,21.38814157085798
0.0,0.0,0.0,0.0,0.0,21.351818489629984
0.0,0.0,0.0,0.0,0.0,16.262064179704407
0.0,0.0,0.0,0.0,0.0,16.69329431825438
0.0,0.0,0.0,0.0,0.0,12.6395534920078
0.0,0.0,0.0,0.0,0.0,16.59044847015585
0.0,0.0,0.0,0.0,0.0,17.111884530502394
0.0,0.0,0.0,0.0,0.0,9.508468032535069
0.0,0.0,0.0,0.0,0.0,13.586511596941548
0.0,0.0,0.0,0.0,0.0,10.109862783769014
0.0,0.0,0.0,0.0,0.0,24.62126987452745
0.0,0.0,0.0,0.0,0.0,17.945853825457625
0.0,0.0,0.0,0.0,0.0,25.47410861752193
0.0,0.0,0.0,0.0,0.0,28.320244146081226
0.0,0.0,0.0,0.0,0.0,39.39977551632771
0.0,0.0,0.0,0.0,0.0,33.122123885595045
0.0,0.0,0.0,0.0,0.0,49.84351072077865
0.0,0.0,0.0,0.0,0.0,28.249320278345753
0.0,0.0,0.0,0.0,0.0,21.64879667078939
0.0,0.0,0.0,0.0,0.0,19.55814209905889
0.0,0.0,0.0,0.0,0.0,20.778358061827724
0.0,0.0,0.0,0.0,0.0,35.280099851025284
0.0,0.0,0.0,0.0,0.0,62.459134454401344
0.0,0.0,0.0,0.0,0.0,46.545415832092345
0.0,0.0,0.0,0.0,0.0,60.22162431671171
0.0,0.0,0.0,0.0,0.0,36.781449695516685
0.0,0.0,0.0,0.0,0.0,12.016930674900403
0.0,0.0,0.0,0.0,0.0,8.973252215949417
0.0,0.0,0.0,0.0,0.0,5.230741363798858
0.0,0.0,0.0,0.0,0.0,3.779802725921451
0.0,0.0,0.0,0.0,0.0,1.8619547637985647
0.0,0.0,0.0,0.0,0.0,3.0767077379939094
0.0,0.0,0.0,0.0,0.0,3.6104972798751196
0.0,0.0,0.0,0.0,0.0,11.565688452180488
0.0,0.0,0.0,0.0,0.0,6.985853732127008
0.0,0.0,0.0,0.0,0.0,4.147012487156251
0.0,0.0,0.0,0.0,0.0,4.749277146447554
0.0,0.0,0.0,0.0,0.0,3.6237003583235494
0.0,0.0,0.0,0.0,0.0,9.589312388758731
0.0,0.0,0.0,0.0,0.0,12.142569890605106
0.0,0.0,0.0,0.0,0.0,9.420097462029638
0.0,0.0,0.0,0.0,0.0,11.915871156455761
0.0,0.0,0.0,0.0,0.0,10.34390943355614
0.0,0.0,0.0,0.0,0.0,18.570871606337807
0.0,0.0,0.0,0.0,0.0,9.617716318383312
0.0,0.0,0.0,0.0,0.0,6.395567828573659
0.0,0.0,0.0,0.0,0.0,8.057972489186493
0.0,0.0,0.0,0.0,0.0,19.720962836444542
0.0,0.0,0.0,0.0,0.0,19.17057642753754
0.0,0.0,0.0,0.0,0.0,11.621095560811485
0.0,0.0,0.0,0.0,0.0,9.323853086576051
0.0,0.0,0.0,0.0,0.0,9.251943356696728
0.0,0.0,0.0,0.0,0.0,13.360707836922607
0.0,0.0,0.0,0.0,0.0,20.1730685997766
0.0,0.0,0.0,0.0,0.0,20.387974380321232
0.0,0.0,0.0,0.0,0.0,24.35870079549042
0.0,0.0,0.0,0.0,0.0,31.60444516922552
0.0,0.0,0.0,0.0,0.0,31.18861652800992
0.0,0.0,0.0,0.0,0.0,21.505332093300527
0.0,0.0,0.0,0.0,0.0,15.951423944047685
0.0,0.0,0.0,0.0,0.0,21.16686668502158
0.0,0.0,0.0,0.0,0.0,25.333734382748702
0.0,0.0,0.0,0.0,0.0,20.383582086882374
0.0,0.0,0.0,0.0,0.0,17.85910543949865
0.0,0.0,0.0,0.0,0.0,34.837811825143795
0.0,0.0,0.0,0.0,0.0,63.701596928267925
0.0,0.0,0.0,0.0,0.0,69.1695779196483
0.0,0.0,0.0,0.0,0.0,106.13856834074653
0.0,0.0,0.0,0.0,0.0,105.13734352159278
0.0,0.0,0.0,0.0,0.0,98.82103131100452
0.0,0.0,0.0,0.0,0.0,86.53677013322229
0.0,0.0,0.0,0.0,0.0,96.74735634233939
0.0,0.0,0.0,0.0,0.0,123.83888160910082
0.0,0.0,0.0,0.0,0.0,82.73669829591297
0.0,0.0,0.0,0.0,0.0,50.319371455913696
0.0,0.0,0.0,0.0,0.0,42.45318573801498
0.0,0.0,0.0,0.0,0.0,29.802247394994538
0.0,0.0,0.0,0.0,0.0,29.37923221968179
0.0,0.0,0.0,0.0,0.0,27.584333043292062
0.0,0.0,0.0,0.0,0.0,29.139642811216437
0.0,0.0,0.0,0.0,0.0,25.88974044539254
0.0,0.0,0.0,0.0,0.0,11.778876459383621
0.0,0.0,0.0,0.0,0.0,5.041622226268954
0.0,0.0,0.0,0.0,0.0,8.89371210221303
0.0,0.0,0.0,0.0,0.0,12.042521948228671
0.0,0.0,0.0,0.0,0.0,14.783590089351229
0.0,0.0,0.0,0.0,0.0,8.533042472968166
0.0,0.0,0.0,0.0,0.0,21.139751689526253
0.0,0.0,0.0,0.0,0.0,18.421813068936917
0.0,0.0,0.0,0.0,0.0,16.09433143235006
0.0,0.0,0.0,0.0,0.0,11.71532907905102
0.0,0.0,0.0,0.0,0.0,12.31821215971485
0.0,0.0,0.0,0.0,0.0,11.193469897617616
0.0,0.0,0.0,0.0,0.0,10.275561666634324
0.0,0.0,0.0,0.0,0.0,10.918616793442647
0.0,0.0,0.0,0.0,0.0,8.230540694268992
0.0,0.0,0.0,0.0,0.0,15.910616010115632
0.0,0.0,0.0,0.0,0.0,23.222759447869745
0.0,0.0,0.0,0.0,0.0,19.140964187227453
0.0,0.0,0.0,0.0,0.0,18.850754612425725
0.0,0.0,0.0,0.0,0.0,12.960756221980624
0.0,0.0,0.0,0.0,0.0,13.66540712285394
0.0,0.0,0.0,0.0,0.0,17.260445500768554
0.0,0.0,0.0,0.0,0.0,18.210012484454452
0.0,0.0,0.0,0.0,0.0,31.54343917498938
0.0,0.0,0.0,0.0,0.0,24.55557538366112
0.0,0.0,0.0,0.0,0.0,19.911609780259603
0.0,0.0,0.0,0.0,0.0,28.767280127761783
0.0,0.0,0.0,0.0,0.0,43.17502989351303
0.0,0.0,0.0,0.0,0.0,52.27997400065736
0.0,0.0,0.0,0.0,0.0,39.25001889163288
0.0,0.0,0.0,0.0,0.0,24.952496438051288
0.0,0.0,0.0,0.0,0.0,11.242942708694248
0.0,0.0,0.0,0.0,0.0,16.62004650936534
0.0,0.0,0.0,0.0,0.0,13.950468561679333
0.0,0.0,0.0,0.0,0.0,16.138105564769997
0.0,0.0,0.0,0.0,0.0,12.670954560614195
0.0,0.0,0.0,0.0,0.0,22.437283410876617
0.0,0.0,0.0,0.0,0.0,11.308078156146026
0.0,0.0,0.0,0.0,0.0,11.488399918829604
0.0,0.0,0.0,0.0,0.0,17.82039869213246
0.0,0.0,0.0,0.0,0.0,18.47223519655219
0.0,0.0,0.0,0.0,0.0,9.32545758390137
0.0,0.0,0.0,0.0,0.0,5.615849901152666
0.0,0.0,0.0,0.0,0.0,10.488902265336952
0.0,0.0,0.0,0.0,0.0,17.289434775368836
0.0,0.0,0.0,0.0,0.0,13.390975794862713
0.0,0.0,0.0,0.0,0.0,26.20244856008001
0.0,0.0,0.0,0.0,0.0,38.925891883267624
0.0,0.0,0.0,0.0,0.0,41.71352124570765
0.0,0.0,0.0,0.0,0.0,29.305856636126048
0.0,0.0,0.0,0.0,0.0,22.042068629495716
0.0,0.0,0.0,0.0,0.0,17.153746146562085
0.0,0.0,0.0,0.0,0.0,26.54663219698722
0.0,0.0,0.0,0.0,0.0,24.797585770747695
0.0,0.0,0.0,0.0,0.0,20.88556087269636
0.0,0.0,0.0,0.0,0.0,17.575172030004182
0.0,0.0,0.0,0.0,0.0,24.190794842116688
0.0,0.0,0.0,0.0,0.0,19.793492107969954
0.0,0.0,0.0,0.0,0.0,17.989970753608716
0.0,0.0,0.0,0.0,0.0,15.958088427381186
0.0,0.0,0.0,0.0,0.0,14.959300322411051
0.0,0.0,0.0,0.0,0.0,18.45507261930291
0.0,0.0,0.0,0.0,0.0,27.61350461343232
0.0,0.0,0.0,0.0,0.0,24.005081776946064
0.0,0.0,0.0,0.0,0.0,41.15042217486901
0.0,0.0,0.0,0.0,0.0,32.59051912559209
0.0,0.0,0.0,0.0,0.0,33.48016107458682
0.0,0.0,0.0,0.0,0.0,53.66547589486848
0.0,0.0,0.0,0.0,0.0,37.06505298137337
0.0,0.0,0.0,0.0,0.0,34.19464885545099
0.0,0.0,0.0,0.0,0.0,42.20434934133242
0.0,0.0,0.0,0.0,0.0,38.376236136267536
0.0,0.0,0.0,0.0,0.0,33.4302923817253
0.0,0.0,0.0,0.0,0.0,24.215920340176375
0.0,0.0,0.0,0.0,0.0,33.137493002992855
0.0,0.0,0.0,0.0,0.0,54.263138310429994
0.0,0.0,0.0,0.0,0.0,69.71792747858454
0.0,0.0,0.0,0.0,0.0,63.08435384235181
0.0,0.0,0.0,0.0,0.0,100.0664777266413
0.0,0.0,0.0,0.0,0.0,133.07296615969543
0.0,0.0,0.0,0.0,0.0,153.31920190681038
0.0,0.0,0.0,0.0,0.0,118.72832668265275
0.0,0.0,0.0,0.0,0.0,68.65056235785923
0.0,0.0,0.0,0.0,0.0,44.766928844671455
0.0,0.0,0.0,0.0,0.0,51.843405222478594
0.0,0.0,0.0,0.0,0.0,32.179603694907975
0.0,0.0,0.0,0.0,0.0,24.97296215709875
0.0,0.0,0.0,0.0,0.0,31.41660947611535
0.0,0.0,0.0,0.0,0.0,30.444107476222264
0.0,0.0,0.0,0.0,0.0,38.027427048649905
0.0,0.0,0.0,0.0,0.0,54.8525462516437
0.0,0.0,0.0,0.0,0.0,70.09954251652758
0.0,0.0,0.0,0.0,0.0,57.28298702102076
0.0,0.0,0.0,0.0,0.0,56.52192211773064
0.0,0.0,0.0,0.0,0.0,35.901487148119486
0.0,0.0,0.0,0.0,0.0,55.24989689515412
0.0,0.0,0.0,0.0,0.0,71.71070716028673
0.0,0.0,0.0,0.0,0.0,54.82759006069411
0.0,0.0,0.0,0.0,0.0,35.81273780078006
0.0,0.0,0.0,0.0,0.0,27.881897425383386
0.0,0.0,0.0,0.0,0.0,32.79297849592944
0.0,0.0,0.0,0.0,0.0,45.47453369987143
0.0,0.0,0.0,0.0,0.0,46.33810355327193
0.0,0.0,0.0,0.0,0.0,29.27281601475662
0.0,0.0,0.0,0.0,0.0,30.650237022337077
0.0,0.0,0.0,0.0,0.0,17.89924972782015
0.0,0.0,0.0,0.0,0.0,40.60097235973741
0.0,0.0,0.0,0.0,0.0,32.45186048409056
0.0,0.0,0.0,0.0,0.0,25.063242891314886
0.0,0.0,0.0,0.0,0.0,28.108289865901966
0.0,0.0,0.0,0.0,0.0,47.31776188802543
0.0,0.0,0.0,0.0,0.0,54.17658090666574
0.0,0.0,0.0,0.0,0.0,62.9303539654846
0.0,0.0,0.0,0.0,0.0,23.6897097692618
0.0,0.0,0.0,0.0,0.0,14.476834663915778
0.0,0.0,0.0,0.0,0.0,13.223738079126338
0.0,0.0,0.0,0.0,0.0,25.240017351619905
0.0,0.0,0.0,0.0,0.0,30.504385556175308
0.0,0.0,0.0,0.0,0.0,24.379788037898564
0.0,0.0,0.0,0.0,0.0,30.610456778715623
0.0,0.0,0.0,0.0,0.0,40.8136654067565
0.0,0.0,0.0,0.0,0.0,68.39253947396871
0.0,0.0,0.0,0.0,0.0,46.89133816924845
0.0,0.0,0.0,0.0,0.0,72.27019199450281
0.0,0.0,0.0,0.0,0.0,108.75057127568934
0.0,0.0,0.0,0.0,0.0,99.52408270699985
0.0,0.0,0.0,0.0,0.0,106.77152685236854
0.0,0.0,0.0,0.0,0.0,117.84585171626453
0.0,0.0,0.0,0.0,0.0,126.73923893250476
0.0,0.0,0.0,0.0,0.0,93.26983898493124
0.0,0.0,0.0,0.0,0.0,63.73835201469397
0.0,0.0,0.0,0.0,0.0,44.01209815114614
0.0,0.0,0.0,0.0,0.0,23.079504429750656
